<?xml version='1.1' encoding='UTF-8'?>
<fingerprint>
  <timestamp>2018-04-21 09:37:22.112 UTC</timestamp>
  <md5sum>fd38965b9dbe3bf62b68ce15ddc878d0</md5sum>
  <fileName>Credential id=gitlab-jenkins-http name=root/******</fileName>
  <usages>
    <entry>
      <string>test/master</string>
      <ranges>4-5</ranges>
    </entry>
    <entry>
      <string>springboot-sample-pipeline/master</string>
      <ranges>1-2</ranges>
    </entry>
    <entry>
      <string>springboot-sample-deploy</string>
      <ranges>1</ranges>
    </entry>
  </usages>
  <facets>
    <com.cloudbees.plugins.credentials.fingerprints.ItemCredentialsFingerprintFacet plugin="credentials@2.1.16">
      <timestamp>1524843429327</timestamp>
      <itemFullName>springboot-sample-deploy</itemFullName>
      <timestamp0>1524843429327</timestamp0>
    </com.cloudbees.plugins.credentials.fingerprints.ItemCredentialsFingerprintFacet>
  </facets>
</fingerprint>